"V1","V2","V3","V4","V5"
"1",0.303558335682308,0.119462404203933,101.243967435821,993.446656872675,5.58997636183232
"2",0.309451106978151,0.117740942847176,99.8787532924844,993.472113506834,5.0590278906262
"3",0.306881183196406,0.118660586729902,101.01827446771,993.523432134528,4.99993024419673
"4",0.305328478322396,0.1173656810736,100.25829763295,994.473759460203,5.11590167357821
"5",0.314372114208204,0.118225132330467,99.0147421894951,993.037023954308,4.39467573771111
"6",0.308493039310406,0.117527848596299,101.211766600825,993.56066574841,4.57762995415317
"7",0.310076644038704,0.122490463493888,101.133152287249,994.404725753407,4.62955540108075
"8",0.303874456703983,0.122689193874883,100.22939577837,993.947328221668,5.62918510657396
"9",0.306406711551684,0.122936177402215,99.8556243584389,993.385494330372,5.6133801852523
"10",0.308021253030392,0.117399240805061,99.8071718570869,991.749502746587,5.07837359293439
"11",0.307195049892778,0.120542504639793,100.840587093375,994.761993770128,5.27146740563952
"12",0.311162659802285,0.11927589678489,98.2450723373297,994.398819063276,4.50476379559936
"13",0.297817481771912,0.115523946320973,99.8085320433805,993.558915318327,5.6939166200016
"14",0.316888882101127,0.122255623050845,99.7091318885643,993.101014723481,4.54751538108527
"15",0.311559521551539,0.123389915396131,100.102767293106,994.811204886744,5.09505515861376
"16",0.30380129753796,0.120770349430322,98.5662892492791,993.576405844625,5.74912690798008
"17",0.307673495283877,0.120920406820397,100.137973634477,994.59445313818,5.12474615937958
"18",0.30018305488709,0.121486146949487,99.5963017990647,995.382108011127,5.81652251912152
"19",0.305632235116175,0.118130680744477,98.3860658701804,993.269401158039,5.26158393430059
"20",0.306650597601662,0.119743280798638,99.9947244199544,993.868118014022,5.18251718161268
"21",0.302373083981194,0.114771263714967,100.446425955091,991.381832174653,5.10601150950058
"22",0.302191485135919,0.117441465759058,99.3032603340764,991.971547462808,5.90027813358455
"23",0.310286471996358,0.119613285141153,99.4010704653878,994.755501973249,5.16335397063008
"24",0.311883909377301,0.119248375432894,101.521783821833,994.923112720193,4.93648610731712
"25",0.304834138747267,0.120138750385194,100.527285329668,995.616698974446,5.32220014926908
"26",0.305632235116175,0.118130680744477,98.3860658701804,993.269401158039,5.26158393430059
"27",0.297817481771912,0.115523946320973,99.8085320433805,993.558915318327,5.6939166200016
"28",0.297209686895574,0.11775750629709,100.862497453189,993.702051485168,6.01664613346945
"29",0.306055737010824,0.119080427928728,99.2244992645322,994.152039149206,5.56733006268658
"30",0.306055737010824,0.119080427928728,99.2244992645322,994.152039149206,5.56733006268658
"31",0.301883131020628,0.117226032258503,101.222902249896,994.166420397931,5.88103845395144
"32",0.29702771345302,0.116689138710864,99.9551411333792,992.617635482104,5.82185690489382
"33",0.298547377916477,0.118500308134886,99.8108178930357,994.090267516441,5.32006568043656
"34",0.300474659418627,0.119182123740801,99.7045256723007,992.39648942688,5.829168833487
"35",0.303731411721732,0.118241478578326,98.6864405166015,992.44318765367,5.09923825402919
"36",0.305832425310989,0.118942289355343,100.753988398076,994.984367100729,5.07964766232728
"37",0.312517859335174,0.121820411391493,99.1957634793334,993.734388282418,4.82133375389888
"38",0.301635081880694,0.12007157127842,97.5659644443126,994.491398468179,5.60012117152992
"39",0.305705028249841,0.116139189193754,99.5505968476845,993.269510179944,4.7985750683212
"40",0.297897762115709,0.119008109071469,100.144099062309,993.400718567947,6.24762553153643
"41",0.308412676698981,0.121347203505921,99.3760126370436,994.269753303463,5.08711987914201
"42",0.307673495283877,0.120920406820397,100.137973634477,994.59445313818,5.12474615937958
"43",0.310240010741432,0.119505100159443,99.0748118444401,995.282552008232,4.96164932929064
"44",0.311447966967954,0.121119868767814,100.792483132449,992.266772596438,4.79526765080988
"45",0.306943405632378,0.118758743711089,100.753408760835,992.774886301114,5.18064225481657
"46",0.304003792450567,0.120024539667824,101.121454509387,993.722546523023,5.28844409093148
"47",0.30525753275925,0.120410234780458,100.85638679262,993.933941259905,5.2949410414284
"48",0.312831786161289,0.11909713676702,100.632503062465,992.138654456593,4.70877099670943
"49",0.305604720886314,0.118205832120879,98.9909181481217,994.148969869946,4.86023848243177
"50",0.305835802643724,0.120032334655933,100.254386910467,993.938665421335,4.76583559527636
"51",0.30514915984668,0.117824298428188,99.9536273083048,994.513269233413,4.93057712716954
"52",0.313555396862655,0.119744271307505,99.0932235421667,993.770505112542,4.59639592577533
"53",0.309676308899152,0.122420498019628,99.8457730451038,992.26340279207,4.99584521342133
"54",0.31012571994213,0.121852051275073,100.324505886943,996.114244790567,5.04743635587909
"55",0.305578470107682,0.119045441853427,99.5166486831857,993.301991406205,5.31945357426085
"56",0.306926185400903,0.117465627487932,99.2785475130655,993.448006730652,5.07759117688104
"57",0.29702771345302,0.116689138710864,99.9551411333792,992.617635482104,5.82185690489382
"58",0.306818373918085,0.122270673892135,99.7540929828646,995.036330187424,5.08888365336601
"59",0.300194629544569,0.120845648057885,100.643217915897,994.273569333885,5.61082381339507
"60",0.306103882086633,0.118044510222384,99.6177691826937,993.757517086369,5.5391987954648
"61",0.31012571994213,0.121852051275073,100.324505886943,996.114244790567,5.04743635587909
"62",0.303582412991625,0.119801915427905,99.2099778968039,993.969882978959,5.35262956561333
"63",0.316670795688917,0.122905212112468,100.487001750781,995.302397073633,4.75475589150704
"64",0.302191485135919,0.117441465759058,99.3032603340764,991.971547462808,5.90027813358455
"65",0.305829209147333,0.121937503178923,99.6178034138524,993.726201852443,5.17333313598723
"66",0.302569322906823,0.119476004094069,100.008951740963,994.119860819243,5.71130813619195
"67",0.303484255882086,0.11954188315578,99.8409287851329,996.843547512033,5.75605991897835
"68",0.310404874109189,0.120532732219192,99.1831957190719,993.18927708588,5.09901953630014
"69",0.301538544183707,0.120207239685548,100.723165010088,992.647320076496,5.94885093628235
"70",0.311001491869483,0.122399741723521,100.361274890366,995.625921372244,5.15654795060079
"71",0.301538544183707,0.120207239685548,100.723165010088,992.647320076496,5.94885093628235
"72",0.300620815844296,0.117978591304135,98.9254713773391,994.098090365334,5.60874178418701
"73",0.310286471996358,0.119613285141153,99.4010704653878,994.755501973249,5.16335397063008
"74",0.296945279127798,0.116970470900677,99.7690053435,995.413463215233,5.80782613359298
"75",0.305112258730241,0.118621164927071,99.2126489770897,995.213344523696,5.2673934427719
"76",0.307653827564961,0.121279148196036,98.8524450220532,994.798485334036,4.89868092879195
"77",0.300320056474626,0.118273167655769,100.032276584019,993.416122164531,5.67255151436377
"78",0.31144640172346,0.123132022147349,99.1671873233759,994.196744660205,4.80348346264068
"79",0.307646095875373,0.117310592908109,99.1816972129129,993.472919446391,5.09167056701132
"80",0.297523165538214,0.115167227474381,99.2011158507971,994.413050641268,5.7768761757759
"81",0.304009552577054,0.119184763102277,100.318727221853,993.484609583637,5.04257778120064
"82",0.306328921838444,0.118565058533686,100.843112637504,992.480106576223,5.57976915781057
"83",0.30858874924659,0.1188945275104,100.365595562131,995.193280679955,4.88705211925734
"84",0.298924870920897,0.117508271381145,99.674615591717,995.13683958202,5.91743650457451
"85",0.298692561358635,0.117617311981971,98.9976624251561,994.36880311135,5.49980036616168
"86",0.309870618298853,0.11972595130011,99.893108072987,994.425979180468,4.79516388074914
"87",0.300356278614328,0.117294129420127,100.047121313442,993.691446747155,5.52582166000225
"88",0.310040222407997,0.119187872863046,100.267845636124,994.246658765285,5.02403561602662
"89",0.304834138747267,0.120138750385194,100.527285329668,995.616698974446,5.32220014926908
"90",0.305742801982295,0.12059895073691,100.199688853937,992.928286328575,5.27245577966837
"91",0.306442795031161,0.119569604876451,100.047113194753,993.256674826064,5.16172232557302
"92",0.310681882290582,0.119811038158727,100.440328275004,994.62189033326,5.06710618158593
"93",0.305112258730241,0.118621164927071,99.2126489770897,995.213344523696,5.2673934427719
"94",0.292356239120782,0.116598200415392,99.5866241969997,995.136452220714,6.08974554694297
"95",0.303027519063544,0.117847439078533,100.141437778123,994.201598215046,5.32327367925009
"96",0.297897762115709,0.119008109071469,100.144099062309,993.400718567947,6.24762553153643
"97",0.309451106978151,0.117740942847176,99.8787532924844,993.472113506834,5.0590278906262
"98",0.300194629544569,0.120845648057885,100.643217915897,994.273569333885,5.61082381339507
"99",0.310640601136939,0.121107270059772,101.027793001716,994.659490870272,4.92925664815753
"100",0.308493039310406,0.117527848596299,101.211766600825,993.56066574841,4.57762995415317
"101",0.305839490872552,0.117663629959125,100.387095878326,993.556232998228,5.19121680326354
"102",0.311158003754072,0.122487940851495,99.5228839582544,994.738546441846,5.01422238099982
"103",0.300320056474626,0.118273167655769,100.032276584019,993.416122164531,5.67255151436377
"104",0.310076644038704,0.122490463493888,101.133152287249,994.404725753407,4.62955540108075
"105",0.305742801982295,0.12059895073691,100.199688853937,992.928286328575,5.27245577966837
"106",0.301825149949619,0.117167640521231,99.7730612269944,992.864630199216,5.56454508609621
"107",0.306232108824667,0.118928200089695,99.9486240704828,994.299921303008,5.34369106248478
"108",0.302939531275483,0.118943866879969,99.3954657911651,995.974360479421,5.48951735990191
"109",0.309764930988067,0.116638793205919,101.1964147969,991.397557408156,5.01210201432915
"110",0.302809837554063,0.116516143318442,99.7194456009181,995.276034047877,5.39613670058964
"111",0.309451106978151,0.117740942847176,99.8787532924844,993.472113506834,5.0590278906262
"112",0.304168025823739,0.12000335952421,99.9173450085764,994.514264933268,5.42889395964948
"113",0.301867468688001,0.117613341332933,99.9771507668026,993.805740113401,5.52907768218681
"114",0.302319882130477,0.117883613628262,100.992218540374,994.310335329727,5.35666407706048
"115",0.308238969879674,0.118427823946212,100.872184253444,992.159479625988,5.21707348706535
"116",0.310910499307962,0.120786444424602,100.333470654249,993.5164038339,4.80588463682621
"117",0.298886480277298,0.11750298929574,99.7425459699494,995.128957025633,5.70777656801428
"118",0.312123238300829,0.118937592253259,99.014146997371,993.323103748745,5.0345907739971
"119",0.302336571861515,0.118453645411748,100.886314819942,996.472500829815,5.53126518960967
"120",0.30921996592855,0.118459221719731,101.174433948333,994.52259455273,5.11360368874096
"121",0.308010027747064,0.118653672541697,101.594209946894,995.079170927979,5.00724828032623
"122",0.304631188737767,0.117612451817204,98.6376080523655,993.356407229491,5.32005805630469
"123",0.310240010741432,0.119505100159443,99.0748118444401,995.282552008232,4.96164932929064
"124",0.306314579230335,0.119428299333868,99.3909221071547,994.556586486551,5.32299804268807
"125",0.305874954669083,0.120506942175109,100.079953811078,992.93148410847,5.10104271310771
"126",0.311883909377301,0.119248375432894,101.521783821833,994.923112720193,4.93648610731712
"127",0.30380129753796,0.120770349430322,98.5662892492791,993.576405844625,5.74912690798008
"128",0.305784165604137,0.119129766458675,99.2491041166513,996.05142631008,4.83268544658593
"129",0.305604720886314,0.118205832120879,98.9909181481217,994.148969869946,4.86023848243177
"130",0.306425342114731,0.117911431861741,99.874824920874,995.101139583873,5.43084797067154
"131",0.298997131286561,0.11835215675688,100.127619975964,995.007174568283,5.57206060150694
"132",0.306243860576992,0.12138333592344,98.7047162141728,994.1456663887,5.2090703452357
"133",0.296636682122068,0.119140930729584,100.854395852303,994.72805766516,6.060438819996
"134",0.305874954669083,0.120506942175109,100.079953811078,992.93148410847,5.10104271310771
"135",0.304003792450567,0.120024539667824,101.121454509387,993.722546523023,5.28844409093148
"136",0.303268932385361,0.118539561317936,99.1180143571047,994.237384890717,5.32832409991402
"137",0.302336571861515,0.118453645411748,100.886314819942,996.472500829815,5.53126518960967
"138",0.310315453187713,0.119464863235931,99.1438894379914,993.857003949109,4.91392963717843
"139",0.301818229282594,0.119650801766079,99.3376152813805,994.625108424259,5.7061069521059
"140",0.29779564716684,0.117014282644542,99.5601790822073,994.022129025161,6.06240515206732
"141",0.312510595385106,0.121165104187891,100.947610129409,994.169164238648,4.91465347705141
"142",0.308630194836283,0.120044027706468,100.077475396009,993.834557361105,5.46932023376111
"143",0.304105513709077,0.121243248669525,100.595238715299,995.581213452337,5.48102621691581
"144",0.299607908168013,0.117687441443059,98.8035068699734,995.36379606735,5.75336919647074
"145",0.303086137213932,0.119728207080412,100.443415242999,992.862817514957,5.35210770300034
"146",0.298230308561692,0.119316214101374,101.785167502911,994.104623758676,5.82695029992155
"147",0.311702230755522,0.122044533076483,99.3157910937438,994.592145705532,4.97647973276806
"148",0.300524208990366,0.121024136265188,100.144897179642,995.225465200262,5.96456940697062
"149",0.298924870920897,0.117508271381145,99.674615591717,995.13683958202,5.91743650457451
"150",0.30018305488709,0.121486146949487,99.5963017990647,995.382108011127,5.81652251912152
"151",0.306345980983004,0.118103244913369,99.5477990079521,994.718299600744,5.38480555740323
"152",0.305832425310989,0.118942289355343,100.753988398076,994.984367100729,5.07964766232728
"153",0.303273493902777,0.117646997395303,99.707017517111,994.848369873485,5.48308659495141
"154",0.301186565688108,0.117939189273742,98.4567476019889,994.865454949927,5.92656856792963
"155",0.295085625202316,0.117475669901995,100.086459086908,995.789686932424,6.04641558003813
"156",0.304599121562492,0.119625505890583,99.2861895039359,994.185468844301,5.24637941336023
"157",0.297897762115709,0.119008109071469,100.144099062309,993.400718567947,6.24762553153643
"158",0.298217590666254,0.118673658723565,100.749000243462,993.88115628143,5.95488498133819
"159",0.302161121759153,0.115807430492122,99.7047413421807,994.681621178925,5.46439029928899
"160",0.300561152930321,0.117935201246351,99.8881962584329,995.276499055746,5.1272079619936
"161",0.311728660593551,0.123158432740878,100.450628698211,994.431092349367,5.07043970657838
"162",0.302581318325622,0.118822543610763,98.9198038608304,995.054484721518,5.53957015525259
"163",0.305632235116175,0.118130680744477,98.3860658701804,993.269401158039,5.26158393430059
"164",0.298886480277298,0.11750298929574,99.7425459699494,995.128957025633,5.70777656801428
"165",0.303268932385361,0.118539561317936,99.1180143571047,994.237384890717,5.32832409991402
"166",0.302161121759153,0.115807430492122,99.7047413421807,994.681621178925,5.46439029928899
"167",0.30858874924659,0.1188945275104,100.365595562131,995.193280679955,4.88705211925734
"168",0.311188384956358,0.118989728649116,100.586268410028,993.109243944751,5.02922854573226
"169",0.303710720281967,0.119380016304061,100.110198676835,996.056469416943,5.41874267012113
"170",0.300708388911366,0.115751810738038,98.9878663629408,995.866471792229,5.39679717712197
"171",0.298545977796652,0.118767162622691,100.442211067879,993.703438333908,6.05377473941446
"172",0.309786357788528,0.121161113536822,100.394567883585,994.404954707606,5.10093907606573
"173",0.310948602486477,0.117829602831344,99.784339139629,994.920627625658,4.68961022496441
"174",0.312123238300829,0.118937592253259,99.014146997371,993.323103748745,5.0345907739971
"175",0.305864796293899,0.119095511748429,100.78237308685,993.841833885033,5.51863125204103
"176",0.308225253718484,0.117981881986323,100.520766817288,995.024203135163,4.91060566938522
"177",0.302325428462862,0.118229887999528,98.2135090710953,993.455508994939,5.33158158258193
"178",0.301825149949619,0.117167640521231,99.7730612269944,992.864630199216,5.56454508609621
"179",0.307457061058972,0.119477376251066,99.3492774902168,994.568910890059,4.77683979071768
"180",0.307823779358167,0.115801173747198,100.316265854644,994.86609281775,5.03134537002737
"181",0.307457061058972,0.119477376251066,99.3492774902168,994.568910890059,4.77683979071768
"182",0.31012571994213,0.121852051275073,100.324505886943,996.114244790567,5.04743635587909
"183",0.300908908016604,0.118541881316535,100.098524863798,994.846035506345,5.57356382485089
"184",0.305051620545462,0.115914981838988,99.8516993453797,994.806832175435,5.6891726801425
"185",0.313158274085893,0.122270778771687,98.6477614143007,994.275002485369,4.53753975367952
"186",0.308493039310406,0.117527848596299,101.211766600825,993.56066574841,4.57762995415317
"187",0.308906838960932,0.122284644503631,100.879166632526,994.403024854526,4.86753657330209
"188",0.302336571861515,0.118453645411748,100.886314819942,996.472500829815,5.53126518960967
"189",0.297897762115709,0.119008109071469,100.144099062309,993.400718567947,6.24762553153643
"190",0.302569322906823,0.119476004094069,100.008951740963,994.119860819243,5.71130813619195
"191",0.306981985954973,0.121067360240947,99.9776034349852,993.517621982585,5.10481541433757
"192",0.302319882130477,0.117883613628262,100.992218540374,994.310335329727,5.35666407706048
"193",0.307195049892778,0.120542504639793,100.840587093375,994.761993770128,5.27146740563952
"194",0.30408551169787,0.120742555160362,99.6408101012764,993.35226530049,5.50361758121579
"195",0.298545977796652,0.118767162622691,100.442211067879,993.703438333908,6.05377473941446
"196",0.298924870920897,0.117508271381145,99.674615591717,995.13683958202,5.91743650457451
"197",0.307442825688102,0.120222516289443,100.696911243973,996.078513063609,5.38631521514272
"198",0.302104327359831,0.114145057045038,100.54379425296,994.082983701982,5.63205578643
"199",0.311710441500709,0.117569557844023,101.232352847163,994.017897670409,4.79743682217846
"200",0.305839490872552,0.117663629959125,100.387095878326,993.556232998228,5.19121680326354
"201",0.310168955690209,0.118136444367451,99.3586142064507,992.647091702256,4.93622572962005
"202",0.30380129753796,0.120770349430322,98.5662892492791,993.576405844625,5.74912690798008
"203",0.306328921838444,0.118565058533686,100.843112637504,992.480106576223,5.57976915781057
"204",0.300474659418627,0.119182123740801,99.7045256723007,992.39648942688,5.829168833487
"205",0.301334727378271,0.118498421446492,98.5534021396219,996.357070229858,5.3872539798203
"206",0.30974040717836,0.122696172465187,99.8221649192508,993.803308599501,5.29467995875702
"207",0.308428366970149,0.118827845526238,99.7912896738893,994.482177962808,5.07841581910825
"208",0.301948255033776,0.118974196787115,99.029196196533,994.008481349176,5.97516302048599
"209",0.304037535689096,0.117816572918611,100.977989756489,993.151316050012,5.48471646155106
"210",0.303623352001197,0.116804448087505,99.6357751436507,993.283067008675,5.45286998475034
"211",0.310458415860284,0.12121778540048,99.877242324782,992.925393380566,4.82008487541937
"212",0.306142338514092,0.116902172244642,99.3146661654994,992.379071380071,5.36071123502266
"213",0.304957273140492,0.121166879656837,100.885199826851,994.604552624597,5.60186074685328
"214",0.307523200026775,0.117952958809721,99.8116636157905,994.525577059727,5.15292057799385
"215",0.304168025823739,0.12000335952421,99.9173450085764,994.514264933268,5.42889395964948
"216",0.311119922874664,0.11923545971894,101.068557943424,994.143721126236,5.03274418407289
"217",0.305742801982295,0.12059895073691,100.199688853937,992.928286328575,5.27245577966837
"218",0.306881183196406,0.118660586729902,101.01827446771,993.523432134528,4.99993024419673
"219",0.303951050486816,0.115679943057254,99.1953836559159,993.197151028332,5.66577754170501
"220",0.299909886671934,0.118783646935462,99.6807952224901,993.347854425347,5.5403978146706
"221",0.306894093326548,0.120986531899699,100.157568140381,994.113997912995,5.09088816813609
"222",0.317617573451529,0.123231727590821,98.9656731979818,991.807623326297,4.53874111765348
"223",0.300260380886797,0.120683936169993,99.9782457483132,996.150655867894,5.55223817940167
"224",0.303465356004725,0.119336717568346,99.4628126271639,995.420778400849,5.39333741941817
"225",0.303057249556145,0.12019713783277,99.4660078600644,996.31146813426,5.47564994614057
"226",0.311673892962274,0.119704014987696,100.162931588367,994.597327332868,4.9041831280219
"227",0.305874954669083,0.120506942175109,100.079953811078,992.93148410847,5.10104271310771
"228",0.304819523112762,0.12091789508063,98.56280023679,995.936299966963,4.84815633817096
"229",0.306659586522301,0.119264617738127,100.257090946001,994.840096484251,4.90741313408746
"230",0.308493039310406,0.117527848596299,101.211766600825,993.56066574841,4.57762995415317
"231",0.306442795031161,0.119569604876451,100.047113194753,993.256674826064,5.16172232557302
"232",0.298533241598492,0.119368588131726,100.178442076915,992.953545932689,5.70713520021896
"233",0.309775494857215,0.119279185678196,99.7254603664616,995.765771382004,5.18495648756223
"234",0.306142338514092,0.116902172244642,99.3146661654994,992.379071380071,5.36071123502266
"235",0.306442795031161,0.119569604876451,100.047113194753,993.256674826064,5.16172232557302
"236",0.314372114208204,0.118225132330467,99.0147421894951,993.037023954308,4.39467573771111
"237",0.304599121562492,0.119625505890583,99.2861895039359,994.185468844301,5.24637941336023
"238",0.300356278614328,0.117294129420127,100.047121313442,993.691446747155,5.52582166000225
"239",0.30486376867053,0.117326677444059,100.895735326746,993.094610241961,5.40186910794738
"240",0.300474659418627,0.119182123740801,99.7045256723007,992.39648942688,5.829168833487
"241",0.301922234101523,0.11928028225751,100.795382776022,993.112496783885,5.6182320442312
"242",0.30039935990826,0.123868083118125,100.298892867926,993.456801265754,6.17131633436638
"243",0.303368853531242,0.117836646015106,97.9639022604327,995.1457532257,5.3957337084086
"244",0.312831786161289,0.11909713676702,100.632503062465,992.138654456593,4.70877099670943
"245",0.302138990507329,0.117182357593228,99.8492020464146,995.367470897788,5.45395354552068
"246",0.304029120105527,0.121707635295189,100.237719971919,994.788068704028,5.52481162108067
"247",0.316670795688917,0.122905212112468,100.487001750781,995.302397073633,4.75475589150704
"248",0.307219341004728,0.11956670606796,99.4540517159596,995.773514449452,5.02011592058508
"249",0.306881183196406,0.118660586729902,101.01827446771,993.523432134528,4.99993024419673
"250",0.311559521551539,0.123389915396131,100.102767293106,994.811204886744,5.09505515861376
"251",0.308077866708436,0.121511827212356,100.347286713569,995.173554782823,5.26218770262777
"252",0.312510595385106,0.121165104187891,100.947610129409,994.169164238648,4.91465347705141
"253",0.307935364871646,0.122420586844075,99.5884391676249,994.73844411482,5.20683901300593
"254",0.301995189083637,0.118475186713052,99.3854024472396,994.423693358571,5.73182520260674
"255",0.301334727378271,0.118498421446492,98.5534021396219,996.357070229858,5.3872539798203
"256",0.300725470814596,0.119796006640587,99.476422440399,995.539709603906,5.61985797829911
"257",0.304599121562492,0.119625505890583,99.2861895039359,994.185468844301,5.24637941336023
"258",0.316792017551855,0.124175747498238,99.6690471600138,994.128455279738,4.91318152035296
"259",0.304168025823739,0.12000335952421,99.9173450085764,994.514264933268,5.42889395964948
"260",0.315482205201414,0.122016505481127,100.088813487374,994.112486644394,4.33408187318083
"261",0.310702424736608,0.117264982368557,99.4175640260899,993.214770627111,4.65525472936595
"262",0.311162659802285,0.11927589678489,98.2450723373297,994.398819063276,4.50476379559936
"263",0.303203434031275,0.121705864109302,100.562895114655,994.315580981844,5.83557794640845
"264",0.311702230755522,0.122044533076483,99.3157910937438,994.592145705532,4.97647973276806
"265",0.310315453187713,0.119464863235931,99.1438894379914,993.857003949109,4.91392963717843
"266",0.316670795688917,0.122905212112468,100.487001750781,995.302397073633,4.75475589150704
"267",0.301883131020628,0.117226032258503,101.222902249896,994.166420397931,5.88103845395144
"268",0.310948602486477,0.117829602831344,99.784339139629,994.920627625658,4.68961022496441
"269",0.302809837554063,0.116516143318442,99.7194456009181,995.276034047877,5.39613670058964
"270",0.303710720281967,0.119380016304061,100.110198676835,996.056469416943,5.41874267012113
"271",0.302939531275483,0.118943866879969,99.3954657911651,995.974360479421,5.48951735990191
"272",0.307653827564961,0.121279148196036,98.8524450220532,994.798485334036,4.89868092879195
"273",0.310458415860284,0.12121778540048,99.877242324782,992.925393380566,4.82008487541937
"274",0.299934536962407,0.117041306973144,100.539111880006,995.272434132527,5.65839112432086
"275",0.308831560750473,0.117339857452108,98.3691576486065,993.583125922542,4.78622343607173
"276",0.308463131967864,0.123529645487907,98.7007909076685,995.115379636475,4.73321674395924
"277",0.308010027747064,0.118653672541697,101.594209946894,995.079170927979,5.00724828032623
"278",0.29786864302874,0.118717338470949,100.721683315266,993.696486287653,5.90043491282314
"279",0.306109858026528,0.118865560700805,99.0549973146063,993.261761939725,5.04094119964507
"280",0.31012571994213,0.121852051275073,100.324505886943,996.114244790567,5.04743635587909
"281",0.308335786343891,0.118748380058842,100.509487010785,994.477827652581,5.00808284868139
"282",0.313966783793639,0.119695314558854,99.9322183550164,995.762408780525,4.56985589826697
"283",0.299914007004761,0.117942201301919,99.9172427812098,994.170017251342,5.36772991905078
"284",0.306314579230335,0.119428299333868,99.3909221071547,994.556586486551,5.32299804268807
"285",0.307039280697463,0.118966011035986,100.488304088486,994.251122680881,5.29484923065079
"286",0.306822816251445,0.120872607262697,99.8133940888512,993.205775353385,5.10891980587011
"287",0.30126173656897,0.119298062171459,101.327268532591,993.629431946171,5.63613821827606
"288",0.308412676698981,0.121347203505921,99.3760126370436,994.269753303463,5.08711987914201
"289",0.302138990507329,0.117182357593228,99.8492020464146,995.367470897788,5.45395354552068
"290",0.304037535689096,0.117816572918611,100.977989756489,993.151316050012,5.48471646155106
"291",0.30470767865303,0.118396512266372,98.9852788628139,993.451344093944,5.60994435194969
"292",0.30667449946139,0.118984438152057,100.121997907404,994.61723398172,5.06616619327942
"293",0.302809837554063,0.116516143318442,99.7194456009181,995.276034047877,5.39613670058964
"294",0.306243860576992,0.12138333592344,98.7047162141728,994.1456663887,5.2090703452357
"295",0.310040222407997,0.119187872863046,100.267845636124,994.246658765285,5.02403561602662
"296",0.30858874924659,0.1188945275104,100.365595562131,995.193280679955,4.88705211925734
"297",0.308795321792176,0.120988456351183,101.037998200754,995.547856216609,5.00097467518235
"298",0.301766426238102,0.118922033348,100.682536450576,993.05965108536,5.53344015772096
"299",0.30018305488709,0.121486146949487,99.5963017990647,995.382108011127,5.81652251912152
"300",0.310286471996358,0.119613285141153,99.4010704653878,994.755501973249,5.16335397063008
"301",0.308545564158509,0.120563291949319,100.242760376667,995.089608786926,5.15822845054992
"302",0.312517859335174,0.121820411391493,99.1957634793334,993.734388282418,4.82133375389888
"303",0.297625038026787,0.116522557689745,99.9310711993796,995.585919881872,6.13607860861
"304",0.308379405733306,0.117630071126833,100.58172093963,995.103440674756,5.1182536944213
"305",0.310943696809101,0.120117028956906,100.491137956853,993.96517271702,4.6601252941883
"306",0.302215607432215,0.116602657569097,101.133282527931,995.767330293997,5.60343273974523
"307",0.307828701949709,0.119426796373905,101.013629726577,993.63625952988,5.32900880352741
"308",0.312643581342915,0.117188710264667,99.5773553856926,995.207639813981,4.33959369711882
"309",0.298694465462988,0.118218113303419,99.5029209422377,993.613964477158,5.72512912200698
"310",0.304168025823739,0.12000335952421,99.9173450085764,994.514264933268,5.42889395964948
"311",0.307418987074805,0.118575008749594,100.194976105821,994.352261112739,4.8486964743056
"312",0.299909886671934,0.118783646935462,99.6807952224901,993.347854425347,5.5403978146706
"313",0.305829209147333,0.121937503178923,99.6178034138524,993.726201852443,5.17333313598723
"314",0.308225253718484,0.117981881986323,100.520766817288,995.024203135163,4.91060566938522
"315",0.304631188737767,0.117612451817204,98.6376080523655,993.356407229491,5.32005805630469
"316",0.302205598428822,0.116314560669806,99.1331173351574,993.427293759705,5.12243066677469
"317",0.300260380886797,0.120683936169993,99.9782457483132,996.150655867894,5.55223817940167
"318",0.310458415860284,0.12121778540048,99.877242324782,992.925393380566,4.82008487541937
"319",0.311188384956358,0.118989728649116,100.586268410028,993.109243944751,5.02922854573226
"320",0.31012571994213,0.121852051275073,100.324505886943,996.114244790567,5.04743635587909
"321",0.301510808327572,0.118295545486885,99.9431514118113,994.055682922009,5.47956987260601
"322",0.308428366970149,0.118827845526238,99.7912896738893,994.482177962808,5.07841581910825
"323",0.311195845560668,0.12080973860687,100.123227482988,997.655439053415,4.61277384304863
"324",0.304168025823739,0.12000335952421,99.9173450085764,994.514264933268,5.42889395964948
"325",0.315482205201414,0.122016505481127,100.088813487374,994.112486644394,4.33408187318083
"326",0.316888882101127,0.122255623050845,99.7091318885643,993.101014723481,4.54751538108527
"327",0.296945279127798,0.116970470900677,99.7690053435,995.413463215233,5.80782613359298
"328",0.316888882101127,0.122255623050845,99.7091318885643,993.101014723481,4.54751538108527
"329",0.314306364665662,0.119239544877535,101.444642025545,992.598058517732,4.76529555854516
"330",0.303710720281967,0.119380016304061,100.110198676835,996.056469416943,5.41874267012113
"331",0.303874456703983,0.122689193874883,100.22939577837,993.947328221668,5.62918510657396
"332",0.306425342114731,0.117911431861741,99.874824920874,995.101139583873,5.43084797067154
"333",0.308542978987521,0.121204551486098,100.795771022271,993.674310777885,5.34303808131398
"334",0.308127088134801,0.119022804905712,101.197602594212,994.162885014287,4.57814639671598
"335",0.308225253718484,0.117981881986323,100.520766817288,995.024203135163,4.91060566938522
"336",0.311883909377301,0.119248375432894,101.521783821833,994.923112720193,4.93648610731712
"337",0.304009552577054,0.119184763102277,100.318727221853,993.484609583637,5.04257778120064
"338",0.301365952907918,0.117823522519026,99.7096325331204,995.296992379049,5.31083511495802
"339",0.308412676698981,0.121347203505921,99.3760126370436,994.269753303463,5.08711987914201
"340",0.305632235116175,0.118130680744477,98.3860658701804,993.269401158039,5.26158393430059
"341",0.30501496350636,0.12062543895588,99.7779042134705,993.171415469704,5.36557950191441
"342",0.306858406740931,0.119250659705707,100.131267521157,994.504919584447,5.03419418458325
"343",0.309488220455916,0.121308909438748,99.8460520025214,994.560088228436,4.89026501898117
"344",0.300908908016604,0.118541881316535,100.098524863798,994.846035506345,5.57356382485089
"345",0.310681882290582,0.119811038158727,100.440328275004,994.62189033326,5.06710618158593
"346",0.299871854161996,0.117416389716702,100.935644988698,993.363287594157,5.7828731126148
"347",0.30944697117702,0.115978833610831,101.256457019219,992.78725869572,5.05239788637196
"348",0.30051285152163,0.119943027026352,100.787659628154,994.89681383024,5.89915119019154
"349",0.312393893263359,0.122632746189023,99.0627164506087,993.710279731228,4.5156233701375
"350",0.306981985954973,0.121067360240947,99.9776034349852,993.517621982585,5.10481541433757
"351",0.307773104346748,0.11877120109184,100.318191640577,995.048551588536,4.92919016398357
"352",0.306822816251445,0.120872607262697,99.8133940888512,993.205775353385,5.10891980587011
"353",0.308493039310406,0.117527848596299,101.211766600825,993.56066574841,4.57762995415317
"354",0.310893606510415,0.121233386589713,99.7320623119998,994.393062434713,5.32174347244438
"355",0.311162659802285,0.11927589678489,98.2450723373297,994.398819063276,4.50476379559936
"356",0.300041332787681,0.117980247637244,100.016719384358,994.024177522884,5.91300710382342
"357",0.301365952907918,0.117823522519026,99.7096325331204,995.296992379049,5.31083511495802
"358",0.312123238300829,0.118937592253259,99.014146997371,993.323103748745,5.0345907739971
"359",0.295109036730726,0.118249451047296,100.299147884249,996.333174238304,6.05545403313119
"360",0.310657745882254,0.120803630594094,99.9391378743392,993.339480612759,4.74654182481612
"361",0.300031278158155,0.118658838765758,99.7963843028091,994.319424995627,5.90476239858279
"362",0.302205598428822,0.116314560669806,99.1331173351574,993.427293759705,5.12243066677469
"363",0.309813944407959,0.118456671218988,100.175957456258,996.009848426469,5.03152196032646
"364",0.305771624513549,0.118097379924728,99.0158771150163,994.157793357685,5.43771155282839
"365",0.316888882101127,0.122255623050845,99.7091318885643,993.101014723481,4.54751538108527
"366",0.298551281195531,0.118485686668832,99.9469841208468,994.067047771745,5.60283137529269
"367",0.306943405632378,0.118758743711089,100.753408760835,992.774886301114,5.18064225481657
"368",0.308412676698981,0.121347203505921,99.3760126370436,994.269753303463,5.08711987914201
"369",0.307823779358167,0.115801173747198,100.316265854644,994.86609281775,5.03134537002737
"370",0.310240010741432,0.119505100159443,99.0748118444401,995.282552008232,4.96164932929064
"371",0.304631188737767,0.117612451817204,98.6376080523655,993.356407229491,5.32005805630469
"372",0.304037535689096,0.117816572918611,100.977989756489,993.151316050012,5.48471646155106
"373",0.304024767740811,0.117434110418227,100.520596286171,995.110424605415,5.25751817765945
"374",0.305051620545462,0.115914981838988,99.8516993453797,994.806832175435,5.6891726801425
"375",0.298230308561692,0.119316214101374,101.785167502911,994.104623758676,5.82695029992155
"376",0.303211498534314,0.118219358414798,99.0086145961725,993.275965103509,5.22961066202942
"377",0.300320056474626,0.118273167655769,100.032276584019,993.416122164531,5.67255151436377
"378",0.306162564866712,0.118540027528687,99.0150685545704,994.875537064897,5.28649488028913
"379",0.303977078041579,0.118912624150905,99.846252292649,995.152487267763,5.74506879748972
"380",0.304168025823739,0.12000335952421,99.9173450085764,994.514264933268,5.42889395964948
"381",0.304631188737767,0.117612451817204,98.6376080523655,993.356407229491,5.32005805630469
"382",0.304984504530064,0.119399899274565,100.534616907259,994.514063664756,5.4869833867141
"383",0.301948501724511,0.123805123228395,99.5914479656048,994.573551660806,6.02974990214502
"384",0.306940968066508,0.120389314841257,99.6907118306739,994.505997163422,5.45626242530773
"385",0.304218453103191,0.119289838661415,99.7562884181286,994.412037287892,5.739636133986
"386",0.30870666313297,0.120589214635227,98.7430159395902,992.506996925721,5.00227363341855
"387",0.309075287283369,0.119497881005065,99.8365023270853,991.567060560105,5.09157720936384
"388",0.306050331921339,0.119809360129747,101.076018765844,994.41270013298,5.12863459015039
"389",0.301510808327572,0.118295545486885,99.9431514118113,994.055682922009,5.47956987260601
"390",0.307039280697463,0.118966011035986,100.488304088486,994.251122680881,5.29484923065079
"391",0.305864796293899,0.119095511748429,100.78237308685,993.841833885033,5.51863125204103
"392",0.298886480277298,0.11750298929574,99.7425459699494,995.128957025633,5.70777656801428
"393",0.299840617960306,0.120477100248812,100.27337667058,993.707388304494,5.81775356446217
"394",0.305835802643724,0.120032334655933,100.254386910467,993.938665421335,4.76583559527636
"395",0.31007200024772,0.117312625678304,100.595781824504,993.525792998338,4.8488836677596
"396",0.306103882086633,0.118044510222384,99.6177691826937,993.757517086369,5.5391987954648
"397",0.292356239120782,0.116598200415392,99.5866241969997,995.136452220714,6.08974554694297
"398",0.312746519672143,0.120518519375459,99.2707622141323,993.115926904994,4.44111066021905
"399",0.298551281195531,0.118485686668832,99.9469841208468,994.067047771745,5.60283137529269
"400",0.305604720886314,0.118205832120879,98.9909181481217,994.148969869946,4.86023848243177
"401",0.297817481771912,0.115523946320973,99.8085320433805,993.558915318327,5.6939166200016
"402",0.318381663810143,0.122575663843012,99.9432884511681,994.87233624672,4.06902516570406
"403",0.311201064078152,0.118982615314419,101.925991362709,994.691164534352,4.58500614838825
"404",0.304309359034062,0.11831293735757,99.1633934451007,993.964127235118,5.02017941364611
"405",0.302262353852629,0.117877435283949,101.324380363331,992.651715850897,5.40162104335429
"406",0.311244401512687,0.117443850196794,99.7150240570641,995.599155374688,4.7659770736915
"407",0.312510595385106,0.121165104187891,100.947610129409,994.169164238648,4.91465347705141
"408",0.298924870920897,0.117508271381145,99.674615591717,995.13683958202,5.91743650457451
"409",0.306659586522301,0.119264617738127,100.257090946001,994.840096484251,4.90741313408746
"410",0.302811676956034,0.118764903834,100.589541877453,994.145764649279,5.30236459344101
"411",0.303303251755748,0.117807417022636,99.9027026789988,993.309307619719,5.24790395098222
"412",0.308412676698981,0.121347203505921,99.3760126370436,994.269753303463,5.08711987914201
"413",0.314372114208204,0.118225132330467,99.0147421894951,993.037023954308,4.39467573771111
"414",0.308810433911733,0.11808532037733,101.130588602269,994.396014255126,5.18033871529696
"415",0.302853077718969,0.117959061487332,100.424533007037,993.632060532537,5.5192996274544
"416",0.315393508961915,0.120861453863425,99.4681770460323,993.553663890004,4.6290287813793
"417",0.30463195361846,0.117363070449877,99.9269126826679,993.930436418621,5.33799459819197
"418",0.299577685057555,0.120619881264414,99.7631327668327,994.737204060852,5.87085670124359
"419",0.310948602486477,0.117829602831344,99.784339139629,994.920627625658,4.68961022496441
"420",0.312123238300829,0.118937592253259,99.014146997371,993.323103748745,5.0345907739971
"421",0.306103882086633,0.118044510222384,99.6177691826937,993.757517086369,5.5391987954648
"422",0.298997131286561,0.11835215675688,100.127619975964,995.007174568283,5.57206060150694
"423",0.30380129753796,0.120770349430322,98.5662892492791,993.576405844625,5.74912690798008
"424",0.305604720886314,0.118205832120879,98.9909181481217,994.148969869946,4.86023848243177
"425",0.311447966967954,0.121119868767814,100.792483132449,992.266772596438,4.79526765080988
"426",0.309304464676167,0.120478090191777,101.362815867945,993.467250623554,5.07387096107753
"427",0.306881183196406,0.118660586729902,101.01827446771,993.523432134528,4.99993024419673
"428",0.308225253718484,0.117981881986323,100.520766817288,995.024203135163,4.91060566938522
"429",0.306059006637688,0.123216069994694,99.7754572345506,995.130960536754,5.26590289059781
"430",0.300561152930321,0.117935201246351,99.8881962584329,995.276499055746,5.1272079619936
"431",0.304340348059727,0.121239384719525,99.9198040616484,992.03034433243,5.22710290539233
"432",0.309140253843929,0.119132540446977,100.500660269075,994.62778035548,5.1802163479762
"433",0.301510808327572,0.118295545486885,99.9431514118113,994.055682922009,5.47956987260601
"434",0.300499263171102,0.120843033812619,99.5182872321233,995.066875546206,5.74840101921541
"435",0.306328921838444,0.118565058533686,100.843112637504,992.480106576223,5.57976915781057
"436",0.300561152930321,0.117935201246351,99.8881962584329,995.276499055746,5.1272079619936
"437",0.304130443048055,0.118539728596066,100.842388690539,994.324595476439,5.2801190992906
"438",0.307195049892778,0.120542504639793,100.840587093375,994.761993770128,5.27146740563952
"439",0.308418370406632,0.120310910461233,99.4850274215991,994.675600776855,5.0535071521968
"440",0.302971420205976,0.121294081412327,99.5598569072319,995.699504201899,5.16759706584942
"441",0.311526328601096,0.119269237089629,99.9559426667856,993.52793526222,4.90237737748711
"442",0.304037535689096,0.117816572918611,100.977989756489,993.151316050012,5.48471646155106
"443",0.30018305488709,0.121486146949487,99.5963017990647,995.382108011127,5.81652251912152
"444",0.2994631021302,0.117426346449772,100.329088078848,993.858497008323,5.85934628489874
"445",0.306442795031161,0.119569604876451,100.047113194753,993.256674826064,5.16172232557302
"446",0.301498245423085,0.117577946587806,99.2007012559756,994.669731902217,5.77137977404556
"447",0.312393893263359,0.122632746189023,99.0627164506087,993.710279731228,4.5156233701375
"448",0.308821707329719,0.117449117355249,99.282538379795,994.540425064623,4.93279182362974
"449",0.306442795031161,0.119569604876451,100.047113194753,993.256674826064,5.16172232557302
"450",0.304168025823739,0.12000335952421,99.9173450085764,994.514264933268,5.42889395964948
"451",0.308225253718484,0.117981881986323,100.520766817288,995.024203135163,4.91060566938522
"452",0.308127088134801,0.119022804905712,101.197602594212,994.162885014287,4.57814639671598
"453",0.299909886671934,0.118783646935462,99.6807952224901,993.347854425347,5.5403978146706
"454",0.309276111077802,0.119289920338445,98.4423466993833,993.999649210672,5.00047013156031
"455",0.299494883468084,0.116017005292643,100.197217815173,993.538624797965,6.17791254439355
"456",0.300230531515203,0.121516054289425,99.9994535191498,994.570816309737,5.62923276006849
"457",0.308238969879674,0.118427823946212,100.872184253444,992.159479625988,5.21707348706535
"458",0.306055737010824,0.119080427928728,99.2244992645322,994.152039149206,5.56733006268658
"459",0.298545977796652,0.118767162622691,100.442211067879,993.703438333908,6.05377473941446
"460",0.308077866708436,0.121511827212356,100.347286713569,995.173554782823,5.26218770262777
"461",0.292356239120782,0.116598200415392,99.5866241969997,995.136452220714,6.08974554694297
"462",0.302248562352261,0.118637717385804,101.170171171162,992.590385348265,5.67374073839792
"463",0.306881183196406,0.118660586729902,101.01827446771,993.523432134528,4.99993024419673
"464",0.310458415860284,0.12121778540048,99.877242324782,992.925393380566,4.82008487541937
"465",0.310681882290582,0.119811038158727,100.440328275004,994.62189033326,5.06710618158593
"466",0.301110358603946,0.121552294449005,99.6610705934697,992.438941623741,5.7016115484208
"467",0.311119922874664,0.11923545971894,101.068557943424,994.143721126236,5.03274418407289
"468",0.308428366970149,0.118827845526238,99.7912896738893,994.482177962808,5.07841581910825
"469",0.296048395464376,0.116889335004208,100.087874612955,994.4343410266,6.06082185324043
"470",0.317617573451529,0.123231727590821,98.9656731979818,991.807623326297,4.53874111765348
"471",0.300622851821488,0.117409483346722,100.841333055154,993.81079919811,5.50909579231351
"472",0.31012571994213,0.121852051275073,100.324505886943,996.114244790567,5.04743635587909
"473",0.30018305488709,0.121486146949487,99.5963017990647,995.382108011127,5.81652251912152
"474",0.309304464676167,0.120478090191777,101.362815867945,993.467250623554,5.07387096107753
"475",0.302761942535113,0.117783157415813,99.3592735940618,994.357074201285,5.21796846596577
"476",0.292356239120782,0.116598200415392,99.5866241969997,995.136452220714,6.08974554694297
"477",0.300036706999582,0.117372019242507,99.4097035520648,994.536176748613,5.60479376254857
"478",0.304880784127588,0.118790039278423,99.2371755335339,994.369653492034,5.52844202551544
"479",0.303180201776962,0.116374455830494,99.2708859740626,993.16175458354,5.38045970913105
"480",0.303303251755748,0.117807417022636,99.9027026789988,993.309307619719,5.24790395098222
"481",0.30858874924659,0.1188945275104,100.365595562131,995.193280679955,4.88705211925734
"482",0.306345980983004,0.118103244913369,99.5477990079521,994.718299600744,5.38480555740323
"483",0.305237213733135,0.118683219213675,100.693785437201,994.148453328796,5.23152678506507
"484",0.302841515692018,0.119125037994398,99.6494810155597,993.626939211183,5.39275882654301
"485",0.303558335682308,0.119462404203933,101.243967435821,993.446656872675,5.58997636183232
"486",0.317617573451529,0.123231727590821,98.9656731979818,991.807623326297,4.53874111765348
"487",0.304024767740811,0.117434110418227,100.520596286171,995.110424605415,5.25751817765945
"488",0.312123238300829,0.118937592253259,99.014146997371,993.323103748745,5.0345907739971
"489",0.307648390419797,0.120626973127791,100.089234023418,994.445761517068,4.88837530312904
"490",0.305112258730241,0.118621164927071,99.2126489770897,995.213344523696,5.2673934427719
"491",0.301415732613762,0.122501923261658,99.4876640345654,993.092266787909,5.21249587734386
"492",0.306926185400903,0.117465627487932,99.2785475130655,993.448006730652,5.07759117688104
"493",0.301538544183707,0.120207239685548,100.723165010088,992.647320076496,5.94885093628235
"494",0.301548775698223,0.119397069954754,99.9559331732081,994.785783019873,5.38245545148606
"495",0.304493736213123,0.121550130695652,101.067601234272,992.038584413801,5.21727603757029
"496",0.313158274085893,0.122270778771687,98.6477614143007,994.275002485369,4.53753975367952
"497",0.300194629544569,0.120845648057885,100.643217915897,994.273569333885,5.61082381339507
"498",0.303718324871645,0.119948557953025,99.7593248715189,994.324300555331,5.75511940219212
"499",0.308697202128882,0.12155484938631,99.2540185156395,994.333784102995,5.44718141064868
"500",0.305874954669083,0.120506942175109,100.079953811078,992.93148410847,5.10104271310771
